{
 "templeR0013": [
  [
   0.9999999864877849,
   0.00015911622621718482,
   4.1309277966979885e-05,
   1.854269602789456e-06
  ],
  [
   -0.00015911503805782367,
   0.9999999869275119,
   -2.8764223606451054e-05,
   -2.857257274635524e-06
  ],
  [
   -4.131385428169183e-05,
   2.8757650290422892e-05,
   0.9999999987330815,
   -2.5900503069781124e-05
  ]
 ],
 "templeR0042": [
  [
   -0.9998471011401057,
   -0.009183463068335618,
   0.01488080467582191,
   0.018592688973738312
  ],
  [
   0.010122350470433,
   -0.9978793674345301,
   0.06429856973071629,
   -0.999069932761853
  ],
  [
   0.01425876441635713,
   0.06443936727292235,
   0.997819751048648,
   0.03897855171442014
  ]
 ],
 "templeR0044": [
  [
   -0.9991522417607207,
   -0.04036060934564811,
   0.008112890839545535,
   0.09292192453150422
  ],
  [
   0.04052895211509394,
   -0.9297688300320893,
   0.3659061720458025,
   -4.520519689362434
  ],
  [
   -0.007225083043039834,
   0.3659247790379984,
   0.9306163840493106,
   0.7136964750816055
  ]
 ],
 "templeR0032": [
  [
   -0.9755149167357037,
   0.10886830053509317,
   0.19109772464562144,
   -1.9441241675356606
  ],
  [
   0.07999871463454991,
   -0.6337254937787276,
   0.7694102963905071,
   -9.18677279344354
  ],
  [
   0.20486789129327457,
   0.7658587935602154,
   0.6094993481895927,
   4.1388827469430876
  ]
 ],
 "templeR0034": [
  [
   -0.9887774257435323,
   0.029413911509029805,
   0.14647192273515264,
   -1.4654383493051075
  ],
  [
   0.10634414780457663,
   -0.5500321934261392,
   0.8283450418892774,
   -9.915995354188839
  ],
  [
   0.10492914069843479,
   0.8346253099472657,
   0.5407314189389401,
   5.027526322649415
  ]
 ],
 "templeR0036": [
  [
   -0.9883799924770983,
   -0.013500566385046597,
   0.15140252698767678,
   -1.5450112143198491
  ],
  [
   0.14807382146881415,
   -0.31052986756573997,
   0.9389597141226165,
   -11.182436241107046
  ],
  [
   0.03433851870120489,
   0.9504677459319106,
   0.3089205886251676,
   7.810206427970642
  ]
 ],
 "templeR0038": [
  [
   -0.9838156615870568,
   -0.02503082977353853,
   0.1774266089876881,
   -1.8559757168244384
  ],
  [
   0.1782444140424554,
   -0.035465992559833404,
   0.9833468829636912,
   -11.660155298648393
  ],
  [
   -0.01832137764153008,
   0.9990573661870442,
   0.039353604520074636,
   10.976143073406817
  ]
 ],
 "templeR0015": [
  [
   0.9994297304242484,
   -0.03363812207027237,
   0.0029479972353544798,
   -0.03779117825068797
  ],
  [
   0.03114804656036332,
   0.9521046099482046,
   0.3041818714368934,
   -3.572339741240129
  ],
  [
   -0.01303890868085368,
   -0.3039165814149711,
   0.9526094154486663,
   0.4864398489028293
  ]
 ],
 "templeR0017": [
  [
   -0.9981275225415184,
   0.04515793802358489,
   0.04125784020751361,
   -0.47455803352318204
  ],
  [
   -0.06104062534136341,
   -0.7787602160165984,
   -0.6243449110929922,
   7.30919959014429
  ],
  [
   0.0039358357519036526,
   -0.6256942436871535,
   0.7800584738426319,
   -19.83649061304727
  ]
 ],
 "templeR0019": [
  [
   0.9658741334654433,
   -0.22526876491076764,
   0.12783247575618792,
   -1.437487698398654
  ],
  [
   0.06730073874482305,
   0.6948612312535241,
   0.7159877651644877,
   -8.473718559117723
  ],
  [
   -0.25011551104795593,
   -0.6829508421961377,
   0.6863092439103571,
   3.1610424180434893
  ]
 ],
 "templeR0021": [
  [
   0.9629753020894392,
   -0.2475018813131892,
   0.10687088617666425,
   -1.1866929601812921
  ],
  [
   0.07899213653157791,
   0.6380641900818653,
   0.7659205779330842,
   -9.188354830571537
  ],
  [
   -0.257757269406568,
   -0.7291206402795118,
   0.6339907585970513,
   3.8240580165754605
  ]
 ]
}