{
 "templeR0013": [
  [
   1.0,
   0.0,
   0.0,
   0.0
  ],
  [
   0.0,
   1.0,
   0.0,
   0.0
  ],
  [
   0.0,
   0.0,
   1.0,
   0.0
  ]
 ],
 "templeR0042": [
  [
   -0.9998474333521903,
   -0.009195561691494401,
   0.014850981927648256,
   0.01858506581643024
  ],
  [
   0.010132123788158719,
   -0.9978809819878721,
   0.06427196787450644,
   -0.999061125492624
  ],
  [
   0.014228495583821816,
   0.06441263410308634,
   0.9978219092008969,
   0.03913390931162386
  ]
 ],
 "templeR0044": [
  [
   -0.9991513581568385,
   -0.0403321475362357,
   0.00835950766852712,
   0.09298175341735328
  ],
  [
   0.04059332100834597,
   -0.9297982934109573,
   0.36582415975381505,
   -4.520577865838461
  ],
  [
   -0.006981818019557996,
   0.3658530462428688,
   0.9306464434853633,
   0.7136329584526622
  ]
 ],
 "templeR0032": [
  [
   -0.9755892049894533,
   0.10845417797745172,
   0.19095390644676982,
   -1.9444970399504584
  ],
  [
   0.08013786481716384,
   -0.6337530516362031,
   0.7693731163514528,
   -9.187167384372529
  ],
  [
   0.20445934982434152,
   0.7658947452627125,
   0.6095913495517895,
   4.138762027738923
  ]
 ],
 "templeR0034": [
  [
   -0.9887529610074205,
   0.029385050678749164,
   0.14664276625754744,
   -1.4652860061629542
  ],
  [
   0.10651632022541044,
   -0.5499257879271255,
   0.8283935666688679,
   -9.915886430395915
  ],
  [
   0.10498502571650954,
   0.83469643977277,
   0.5406107636793467,
   5.027489035283075
  ]
 ],
 "templeR0036": [
  [
   -0.9884127506566248,
   -0.01343162502385635,
   0.15119466190518568,
   -1.5450347936938968
  ],
  [
   0.1478452694621631,
   -0.3108007626143039,
   0.9389060987425886,
   -11.182348007533983
  ],
  [
   0.03438038157242123,
   0.9503801751970553,
   0.3091852389027474,
   7.8102882011566
  ]
 ],
 "templeR0038": [
  [
   -0.983776489153035,
   -0.02512472180669413,
   0.17763042460081202,
   -1.8559077862562139
  ],
  [
   0.17845111658711982,
   -0.03542725477749542,
   0.983310789429131,
   -11.659966497208341
  ],
  [
   -0.018412451725360032,
   0.9990563837807488,
   0.03933603498568017,
   10.97613506293075
  ]
 ],
 "templeR0015": [
  [
   0.9994603186242486,
   -0.032696696105020386,
   0.003161891733040021,
   -0.037771942911701654
  ],
  [
   0.030187640275082268,
   0.9521696362332499,
   0.30407513908582356,
   -3.5724527176325482
  ],
  [
   -0.012952909717038611,
   -0.3038155853462042,
   0.9526428041142208,
   0.4862704877527011
  ]
 ],
 "templeR0017": [
  [
   -0.9980323667354929,
   0.0472058571527952,
   0.04126744478182198,
   -0.4747330344811689
  ],
  [
   -0.06264320840401491,
   -0.7789142868223242,
   -0.6239938799579057,
   7.309505019315921
  ],
  [
   0.0026876363597011753,
   -0.6253512139866204,
   0.7803387955088849,
   -19.83674752081594
  ]
 ],
 "templeR0019": [
  [
   0.9660428976195665,
   -0.22457043992727602,
   0.1277859048160689,
   -1.4375426012031662
  ],
  [
   0.06675946169760424,
   0.694708688156035,
   0.7161864372315123,
   -8.473861858528771
  ],
  [
   -0.24960828157863238,
   -0.6833359028409018,
   0.6861105957904831,
   3.160877460308964
  ]
 ],
 "templeR0021": [
  [
   0.9629213796088333,
   -0.24770206174256865,
   0.10689296188571969,
   -1.186676082804115
  ],
  [
   0.07912279476900647,
   0.6380917851952084,
   0.7658841015547546,
   -9.188229940624737
  ],
  [
   -0.2579185918854298,
   -0.7290285058040411,
   0.6340311015123504,
   3.82415812719444
  ]
 ]
}