{
 "templeR0032": [
  [
   1.0,
   0.0,
   0.0,
   0.0
  ],
  [
   0.0,
   1.0,
   0.0,
   0.0
  ],
  [
   0.0,
   0.0,
   1.0,
   0.0
  ]
 ],
 "templeR0047": [
  [
   0.9999208867243122,
   -0.003938318487415582,
   -0.011946126567075903,
   0.23283723964144423
  ],
  [
   0.0033619200226473202,
   0.998846865531419,
   -0.04789192741810262,
   0.9711858249567918
  ],
  [
   0.012120964739914222,
   0.047847976608746665,
   0.9987810837957547,
   0.05084204204345605
  ]
 ],
 "templeR0033": [
  [
   0.999874676996919,
   0.009662817670619793,
   -0.012540345089797792,
   0.24665450223294502
  ],
  [
   -0.008565233516707085,
   0.9963606999393646,
   0.0848056153278994,
   -1.72299421252197
  ],
  [
   0.013314168209510324,
   -0.08468757624943418,
   0.9963185973140746,
   0.06394215356096737
  ]
 ],
 "templeR0034": [
  [
   0.9997422344943454,
   0.020289203171495754,
   0.010188856801385473,
   -0.18929935150288
  ],
  [
   -0.021999139810457827,
   0.9766276979171251,
   0.21380920819435373,
   -4.346472038258478
  ],
  [
   -0.005612701297352465,
   -0.2139782416409723,
   0.9768223020019478,
   0.34185052433618035
  ]
 ],
 "templeR0035": [
  [
   0.999309933096376,
   0.03691682049944568,
   0.004099509620486072,
   -0.07175052322729589
  ],
  [
   -0.03620526207473314,
   0.9434573276307177,
   0.32951092536971305,
   -6.707827353231498
  ],
  [
   0.00829678329333974,
   -0.3294319646059204,
   0.9441428621150864,
   0.9956529880669153
  ]
 ],
 "templeR0046": [
  [
   0.9998212329580948,
   -0.017381736244985322,
   -0.007441597359767714,
   0.14409892663131424
  ],
  [
   0.01547895934365066,
   0.978474240106067,
   -0.2057876654867643,
   4.142878994926825
  ],
  [
   0.010858358245736242,
   0.205635689251561,
   0.9785683723492409,
   0.5103229090758253
  ]
 ],
 "templeR0045": [
  [
   0.9992979365489505,
   -0.03459520022499003,
   -0.014380755557431147,
   0.2703505957857017
  ],
  [
   0.02733921737374903,
   0.935803217569403,
   -0.3514611005220116,
   7.069633863752814
  ],
  [
   0.025616424465577485,
   0.3508211939266861,
   0.9360920300320124,
   1.3830027180420932
  ]
 ],
 "templeR0036": [
  [
   0.9985793506925817,
   0.052414068789640195,
   0.00959404832678141,
   -0.18085334623202318
  ],
  [
   -0.05118756458393357,
   0.8935789713847534,
   0.44597808817354667,
   -9.08200271556653
  ],
  [
   0.014802486356939542,
   -0.44583560567980773,
   0.8949924575692086,
   1.9634961779933746
  ]
 ],
 "templeR0044": [
  [
   0.9988239504377113,
   -0.047840402865244,
   -0.007874762580263593,
   0.13697885355409414
  ],
  [
   0.03811810494794165,
   0.8752163559792691,
   -0.48222747775458336,
   9.701412704178686
  ],
  [
   0.02996207781816996,
   0.48136018331397185,
   0.8760106436640809,
   2.6153118193354667
  ]
 ],
 "templeR0037": [
  [
   0.997526633160302,
   0.0682997774258955,
   0.016605918807626158,
   -0.32664223694522204
  ],
  [
   -0.06573372469572185,
   0.8227946429858407,
   0.5645246256023114,
   -11.489380552213932
  ],
  [
   0.024893645243302252,
   -0.5642199180083737,
   0.8252491687660912,
   3.302623864884463
  ]
 ],
 "templeR0043": [
  [
   0.9981946130649706,
   -0.0599556836650821,
   0.003581960961024918,
   -0.09208155004945241
  ],
  [
   0.049959761069765414,
   0.7957119237806303,
   -0.6036112628399014,
   12.143222244431266
  ],
  [
   0.03333971688430559,
   0.6027004648659077,
   0.7972707275000714,
   4.1802556191163
  ]
 ],
 "templeR0038": [
  [
   0.9964777418822774,
   0.07728599432419446,
   0.03254204994339024,
   -0.6389942229127195
  ],
  [
   -0.07920598106487896,
   0.7399914907923593,
   0.6679363787955048,
   -13.597860058788825
  ],
  [
   0.027541287129463618,
   -0.6681612594547985,
   0.7435065627598926,
   4.959397704654273
  ]
 ],
 "templeR0042": [
  [
   0.9971967255857328,
   -0.07387072611174962,
   0.011908245245022906,
   -0.2640513827937985
  ],
  [
   0.06048947772897139,
   0.702201778428975,
   -0.7094037534826418,
   14.268494813366424
  ],
  [
   0.044042179387139904,
   0.7081354236266588,
   0.7047017157918117,
   6.041933220889123
  ]
 ],
 "templeR0013": [
  [
   -0.995335439450222,
   0.0964214983900714,
   -0.003202752354909466,
   0.4310049304196297
  ],
  [
   -0.0669826152571978,
   -0.6667911015686576,
   0.7422283719463724,
   -15.352193737275293
  ],
  [
   0.06943120499991075,
   0.7389807314924183,
   0.6701393782305223,
   6.751016159497987
  ]
 ],
 "templeR0039": [
  [
   0.9950194078041643,
   0.08646482457209605,
   0.04960052625493506,
   -0.9797350540931181
  ],
  [
   -0.09380149072911993,
   0.643810897727599,
   0.7594134633413986,
   -15.464347565865026
  ],
  [
   0.033729192549550834,
   -0.7602837378761297,
   0.6487148676352775,
   6.870271122572314
  ]
 ],
 "templeR0014": [
  [
   -0.9941726411467482,
   0.10640992962545925,
   -0.017253593028809973,
   0.7178684200141574
  ],
  [
   -0.0744388770328486,
   -0.5618894280347384,
   0.8238562521756345,
   -16.986552269466603
  ],
  [
   0.0779718742970017,
   0.8203396842405584,
   0.566536132368195,
   8.870883235709872
  ]
 ],
 "templeR0015": [
  [
   -0.9924092000509027,
   0.11948436932544038,
   -0.029111254545775248,
   0.9615945984727423
  ],
  [
   -0.07988143286185631,
   -0.4463191976931471,
   0.891301369041068,
   -18.33162541421227
  ],
  [
   0.0935036701860622,
   0.8868611273798437,
   0.4524758605763285,
   11.173742649305263
  ]
 ],
 "templeR0016": [
  [
   -0.992057853632702,
   0.11491439961603737,
   -0.05114582882857523,
   1.3958631651257387
  ],
  [
   -0.08529016774810115,
   -0.31570586583079474,
   0.9450160811147761,
   -19.39022307906892
  ],
  [
   0.092448917414846,
   0.9418728613995171,
   0.32299955205527653,
   13.808001838521228
  ]
 ],
 "templeR0017": [
  [
   -0.9913643700086125,
   0.11252031651729699,
   -0.06734882514397737,
   1.716253779285083
  ],
  [
   -0.08806627758593336,
   -0.19071880578978273,
   0.9776863852331565,
   -20.035547688226085
  ],
  [
   0.0971648940182825,
   0.975174607692882,
   0.1989810741790522,
   16.325094633210075
  ]
 ],
 "templeR0018": [
  [
   -0.9925077027602928,
   0.08943011117935341,
   -0.08325091696753219,
   2.0129130711434353
  ],
  [
   -0.08980258380324878,
   -0.07191828466141292,
   0.9933595805515848,
   -20.3480689489506
  ],
  [
   0.08284899458500948,
   0.9933931827558554,
   0.07941050654947734,
   18.761312033284305
  ]
 ],
 "templeR0019": [
  [
   -0.9902063238281934,
   0.1095598278507061,
   -0.08653369500939281,
   2.1035658322223543
  ],
  [
   -0.09086329503867617,
   -0.03515319036004416,
   0.9952427416576444,
   -20.474414285052447
  ],
  [
   0.10599668799245313,
   0.9933583931939338,
   0.04476387835963702,
   19.48666566140386
  ]
 ],
 "templeR0020": [
  [
   -0.9887955313011287,
   0.11924406986932432,
   -0.08980116413453822,
   2.181266773657578
  ],
  [
   -0.09017263125712627,
   0.0022877186947137806,
   0.9959235226237709,
   -20.578750634638762
  ],
  [
   0.11896341391825012,
   0.9928623359480276,
   0.008490465519718993,
   20.30970636110583
  ]
 ],
 "templeR0021": [
  [
   -0.9867359291555553,
   0.13233574042825064,
   -0.09401839138609885,
   2.2894331746466423
  ],
  [
   -0.08883718378712635,
   0.0445393292042473,
   0.9950498494702704,
   -20.643621544105155
  ],
  [
   0.13586817467786683,
   0.9902037668880794,
   -0.03219222189228832,
   21.163712899263828
  ]
 ],
 "templeR0022": [
  [
   -0.9855796255308784,
   0.13527144550823395,
   -0.10165843677986788,
   2.4557255424401774
  ],
  [
   -0.09012319849151787,
   0.0888402173135705,
   0.9919602940044201,
   -20.64982431078185
  ],
  [
   0.143215260472032,
   0.9868176385826259,
   -0.0753680127782177,
   22.09333670138517
  ]
 ],